{
  "accuracy": 0.7142857142857143,
  "f1": 0.56,
  "roc_auc": 0.8229629629629629,
  "pr_auc": 0.693294258319054,
  "n_train": 614,
  "n_test": 154
}